Workbook

Sheet results
D4: COST (Average)
D5: Initial | F5: Additional Iteration
D6: BASE | F6: COMPLETION | H6: COMPILATION | J6: PASS
C7: execution | D7: duration | E7: tokens | F7: duration | G7: tokens | H7: duration | I7: tokens | J7: duration | K7: tokens
C8: gemini-3.5-flash-lite | D8: ='gemini-3.5-flash-lite'!D13 -> 2962 | E8: ='gemini-3.5-flash-lite'!E13 -> 4177 | F8: ='gemini-3.5-flash-lite'!F13 -> 0 | G8: ='gemini-3.5-flash-lite'!G13 -> 0 | H8: ='gemini-3.5-flash-lite'!H13 -> 0.9091 | I8: ='gemini-3.5-flash-lite'!I13 -> 1.29558 | J8: ='gemini-3.5-flash-lite'!J13 -> 1.10006 | K8: ='gemini-3.5-flash-lite'!K13 -> 13.07976
C9: gpt-5.6-luna | D9: ='gpt-5.6-luna'!D13 -> 13748 | E9: ='gpt-5.6-luna'!E13 -> 4379 | F9: ='gpt-5.6-luna'!F13 -> 1.36235 | G9: ='gpt-5.6-luna'!G13 -> 1.23155 | H9: ='gpt-5.6-luna'!H13 -> 0.78932 | I9: ='gpt-5.6-luna'!I13 -> 1.14186 | J9: ='gpt-5.6-luna'!J13 -> 0.9234 | K9: ='gpt-5.6-luna'!K13 -> 7.11068
C10: deepseek-v4-flash | D10: ='deepseek-v4.0-flash'!D13 -> 16336 | E10: ='deepseek-v4.0-flash'!E13 -> 4765 | F10: ='deepseek-v4.0-flash'!F13 -> 0 | G10: ='deepseek-v4.0-flash'!G13 -> 0 | H10: ='deepseek-v4.0-flash'!H13 -> 0.93044 | I10: ='deepseek-v4.0-flash'!I13 -> 1.12962 | J10: ='deepseek-v4.0-flash'!J13 -> 1.6899 | K10: ='deepseek-v4.0-flash'!K13 -> 1.6910667
D13: SUCCESS - ITERATIONS (Average)
D14: Initial | F14: Additional Iteration
D15: BASE | F15: COMPLETION | H15: COMPILATION | J15: PASS
C16: execution | D16: success | E16: imp. Iter. | F16: success | G16: imp. Iter. | H16: success | I16: imp. Iter. | J16: success | K16: imp. Iter.
C17: gemini-3.5-flash-lite | D17: ='gemini-3.5-flash-lite'!D25 -> 0.61428571 | E17: ='gemini-3.5-flash-lite'!E25 -> 0 | F17: ='gemini-3.5-flash-lite'!F25 -> 1 | G17: ='gemini-3.5-flash-lite'!G25 -> 0 | H17: ='gemini-3.5-flash-lite'!H25 -> 0.92857143 | I17: ='gemini-3.5-flash-lite'!I25 -> 0.21 | J17: ='gemini-3.5-flash-lite'!J25 -> 0.9 | K17: ='gemini-3.5-flash-lite'!K25 -> 0.358
C18: gpt-5.6-luna | D18: ='gpt-5.6-luna'!D25 -> 0.7 | E18: ='gpt-5.6-luna'!E25 -> 0 | F18: ='gpt-5.6-luna'!F25 -> 1 | G18: ='gpt-5.6-luna'!G25 -> 0.07 | H18: ='gpt-5.6-luna'!H25 -> 1 | I18: ='gpt-5.6-luna'!I25 -> 0.098 | J18: ='gpt-5.6-luna'!J25 -> 0.87142857 | K18: ='gpt-5.6-luna'!K25 -> 0.488
C19: deepseek-v4-flash | D19: ='deepseek-v4.0-flash'!D25 -> 0.82857143 | E19: ='deepseek-v4.0-flash'!E25 -> 0 | F19: ='deepseek-v4.0-flash'!F25 -> 1 | G19: ='deepseek-v4.0-flash'!G25 -> 0 | H19: ='deepseek-v4.0-flash'!H25 -> 0.92857143 | I19: ='deepseek-v4.0-flash'!I25 -> 0.198 | J19: ='deepseek-v4.0-flash'!J25 -> 0.92857143 | K19: ='deepseek-v4.0-flash'!K25 -> 0.19

Sheet gemini-3.5-flash-lite
D4: COST (Average)
D5: Initial | F5: Additional Iteration
D6: BASE | F6: COMPLETION | H6: COMPILATION | J6: PASS
C7: execution | D7: duration | E7: tokens | F7: duration | G7: tokens | H7: duration | I7: tokens | J7: duration | K7: tokens
C8: 20260724-121145 | D8: 2984 | E8: 4162 | F8: 0 | G8: 0 | H8: 0.83 | I8: 1.2922 | J8: 0.9835 | K8: 8.5738
C9: 20260724-121310 | D9: 2984 | E9: 4165 | F9: 0 | G9: 0 | H9: 0.9291 | I9: 1.3406 | J9: 1.2297 | K9: 7.6384
C10: 20260724-121419 | D10: 2942 | E10: 4199 | F10: 0 | G10: 0 | H10: 1.0428 | I10: 1.3112 | J10: 1.2238 | K10: 17.5507
C11: 20260724-121527 | D11: 2954 | E11: 4199 | F11: 0 | G11: 0 | H11: 0.9591 | I11: 1.2821 | J11: 1.0359 | K11: 22.7686
C12: 20260724-121623 | D12: 2945 | E12: 4158 | F12: 0 | G12: 0 | H12: 0.7845 | I12: 1.2518 | J12: 1.0274 | K12: 8.8673
C13: average | D13: =ROUND(AVERAGE(D8:D12), 0) -> 2962 | E13: =ROUND(AVERAGE(E8:E12), 0) -> 4177 | F13: =IFERROR(AVERAGEIF(F8:F12, ">0"), 0) -> 0 | G13: =IFERROR(AVERAGEIF(G8:G12, ">0"), 0) -> 0 | H13: =IFERROR(AVERAGEIF(H8:H12, ">0"), 0) -> 0.9091 | I13: =IFERROR(AVERAGEIF(I8:I12, ">0"), 0) -> 1.29558 | J13: =IFERROR(AVERAGEIF(J8:J12, ">0"), 0) -> 1.10006 | K13: =IFERROR(AVERAGEIF(K8:K12, ">0"), 0) -> 13.07976
D16: SUCCESS - ITERATIONS (Average)
D17: Initial | F17: Additional Iteration
D18: BASE | F18: COMPLETION | H18: COMPILATION | J18: PASS
C19: execution | D19: success | E19: imp. Iter. | F19: success | G19: imp. Iter. | H19: success | I19: imp. Iter. | J19: success | K19: imp. Iter.
C20: 20260724-121145 | D20: 0.35714286 | E20: 0 | F20: 1 | G20: 0 | H20: 0.92857143 | I20: 0.21 | J20: 0.92857143 | K20: 0.64
C21: 20260724-121310 | D21: 0.64285714 | E21: 0 | F21: 1 | G21: 0 | H21: 0.92857143 | I21: 0.21 | J21: 0.85714286 | K21: 0.36
C22: 20260724-121419 | D22: 0.64285714 | E22: 0 | F22: 1 | G22: 0 | H22: 0.92857143 | I22: 0.21 | J22: 0.85714286 | K22: 0.36
C23: 20260724-121527 | D23: 0.71428571 | E23: 0 | F23: 1 | G23: 0 | H23: 0.92857143 | I23: 0.21 | J23: 0.92857143 | K23: 0.14
C24: 20260724-121623 | D24: 0.71428571 | E24: 0 | F24: 1 | G24: 0 | H24: 0.92857143 | I24: 0.21 | J24: 0.92857143 | K24: 0.29
C25: average | D25: =AVERAGE(D20:D24) -> 0.61428571 | E25: =ROUND(AVERAGE(E20:E24),2) -> 0 | F25: =IFERROR(AVERAGEIF(F20:F24, ">0"), 0) -> 1 | G25: =IFERROR(AVERAGEIF(G20:G24, ">0"), 0) -> 0 | H25: =IFERROR(AVERAGEIF(H20:H24, ">0"), 0) -> 0.92857143 | I25: =IFERROR(AVERAGEIF(I20:I24, ">0"), 0) -> 0.21 | J25: =IFERROR(AVERAGEIF(J20:J24, ">0"), 0) -> 0.9 | K25: =IFERROR(AVERAGEIF(K20:K24, ">0"), 0) -> 0.358

Sheet gpt-5.6-luna
D4: COST (Average)
D5: Initial | F5: Additional Iteration
D6: BASE | F6: COMPLETION | H6: COMPILATION | J6: PASS
C7: execution | D7: duration | E7: tokens | F7: duration | G7: tokens | H7: duration | I7: tokens | J7: duration | K7: tokens
C8: 20260724-232619 | D8: 15115 | E8: 4392 | F8: 1.4397 | G8: 1.2666 | H8: 0.7642 | I8: 1.1843 | J8: 1.0223 | K8: 14.4354
C9: 20260724-233440 | D9: 14964 | E9: 4456 | F9: 0 | G9: 0 | H9: 0.5096 | I9: 0.964 | J9: 0.9381 | K9: 7.3135
C10: 20260724-233950 | D10: 12610 | E10: 4248 | F10: 0 | G10: 0 | H10: 0.8848 | I10: 1.193 | J10: 1.0466 | K10: 6.2876
C11: 20260724-234515 | D11: 12347 | E11: 4356 | F11: 1.285 | G11: 1.1965 | H11: 0.8633 | I11: 1.1537 | J11: 0.9149 | K11: 2.7363
C12: 20260724-235114 | D12: 13706 | E12: 4445 | F12: 0 | G12: 0 | H12: 0.9247 | I12: 1.2143 | J12: 0.6951 | K12: 4.7806
C13: average | D13: =ROUND(AVERAGE(D8:D12), 0) -> 13748 | E13: =ROUND(AVERAGE(E8:E12), 0) -> 4379 | F13: =IFERROR(AVERAGEIF(F8:F12, ">0"), 0) -> 1.36235 | G13: =IFERROR(AVERAGEIF(G8:G12, ">0"), 0) -> 1.23155 | H13: =IFERROR(AVERAGEIF(H8:H12, ">0"), 0) -> 0.78932 | I13: =IFERROR(AVERAGEIF(I8:I12, ">0"), 0) -> 1.14186 | J13: =IFERROR(AVERAGEIF(J8:J12, ">0"), 0) -> 0.9234 | K13: =IFERROR(AVERAGEIF(K8:K12, ">0"), 0) -> 7.11068
D16: SUCCESS - ITERATIONS (Average)
D17: Initial | F17: Additional Iteration
D18: BASE | F18: COMPLETION | H18: COMPILATION | J18: PASS
C19: execution | D19: success | E19: imp. Iter. | F19: success | G19: imp. Iter. | H19: success | I19: imp. Iter. | J19: success | K19: imp. Iter.
C20: 20260724-232619 | D20: 0.28571429 | E20: 0 | F20: 1 | G20: 0.07 | H20: 1 | I20: 0.07 | J20: 0.78571429 | K20: 1
C21: 20260724-233440 | D21: 0.78571429 | E21: 0 | F21: 1 | G21: 0 | H21: 1 | I21: 0.07 | J21: 0.92857143 | K21: 0.29
C22: 20260724-233950 | D22: 0.85714286 | E22: 0 | F22: 1 | G22: 0 | H22: 1 | I22: 0.21 | J22: 0.92857143 | K22: 0.29
C23: 20260724-234515 | D23: 0.78571429 | E23: 0 | F23: 1 | G23: 0.07 | H23: 1 | I23: 0.07 | J23: 0.85714286 | K23: 0.43
C24: 20260724-235114 | D24: 0.78571429 | E24: 0 | F24: 1 | G24: 0 | H24: 1 | I24: 0.07 | J24: 0.85714286 | K24: 0.43
C25: average | D25: =AVERAGE(D20:D24) -> 0.7 | E25: =ROUND(AVERAGE(E20:E24), 0) -> 0 | F25: =IFERROR(AVERAGEIF(F20:F24, ">0"), 0) -> 1 | G25: =IFERROR(AVERAGEIF(G20:G24, ">0"), 0) -> 0.07 | H25: =IFERROR(AVERAGEIF(H20:H24, ">0"), 0) -> 1 | I25: =IFERROR(AVERAGEIF(I20:I24, ">0"), 0) -> 0.098 | J25: =IFERROR(AVERAGEIF(J20:J24, ">0"), 0) -> 0.87142857 | K25: =IFERROR(AVERAGEIF(K20:K24, ">0"), 0) -> 0.488

Sheet deepseek-v4.0-flash
D4: COST (Average)
D5: Initial | F5: Additional Iteration
D6: BASE | F6: COMPLETION | H6: COMPILATION | J6: PASS
C7: execution | D7: duration | E7: tokens | F7: duration | G7: tokens | H7: duration | I7: tokens | J7: duration | K7: tokens
C8: 20260724-144250 | D8: 20369 | E8: 4982 | F8: 0 | G8: 0 | H8: 0.7914 | I8: 1.0595 | J8: 1.2017 | K8: 1.5413
C9: 20260724-225527 | D9: 15506 | E9: 4735 | F9: 0 | G9: 0 | H9: 0.8349 | I9: 1.0642 | J9: 0 | K9: 0
C10: 20260729-095215 | D10: 16946 | E10: 4822 | F10: 0 | G10: 0 | H10: 1.1545 | I10: 1.1883 | J10: 2.0019 | K10: 1.7545
C11: 20260729-100106 | D11: 16089 | E11: 4756 | F11: 0 | G11: 0 | H11: 0.7782 | I11: 1.0596 | J11: 1.8661 | K11: 1.7774
C12: 20260729-104519 | D12: 12772 | E12: 4530 | F12: 0 | G12: 0 | H12: 1.0932 | I12: 1.2765 | J12: 0 | K12: 0
C13: average | D13: =ROUND(AVERAGE(D8:D12), 0) -> 16336 | E13: =ROUND(AVERAGE(E8:E12), 0) -> 4765 | F13: =IFERROR(AVERAGEIF(F8:F12, ">0"), 0) -> 0 | G13: =IFERROR(AVERAGEIF(G8:G12, ">0"), 0) -> 0 | H13: =IFERROR(AVERAGEIF(H8:H12, ">0"), 0) -> 0.93044 | I13: =IFERROR(AVERAGEIF(I8:I12, ">0"), 0) -> 1.12962 | J13: =IFERROR(AVERAGEIF(J8:J12, ">0"), 0) -> 1.6899 | K13: =IFERROR(AVERAGEIF(K8:K12, ">0"), 0) -> 1.6910667
D16: SUCCESS - ITERATIONS (Average)
D17: Initial | F17: Additional Iteration
D18: BASE | F18: COMPLETION | H18: COMPILATION | J18: PASS
C19: execution | D19: success | E19: imp. Iter. | F19: success | G19: imp. Iter. | H19: success | I19: imp. Iter. | J19: success | K19: imp. Iter.
C20: 20260724-144250 | D20: 0.78571429 | E20: 0 | F20: 1 | G20: 0 | H20: 0.92857143 | I20: 0.21 | J20: 0.92857143 | K20: 0.14
C21: 20260724-225527 | D21: 0.92857143 | E21: 0 | F21: 1 | G21: 0 | H21: 0.92857143 | I21: 0.14 | J21: 0.92857143 | K21: 0
C22: 20260729-095215 | D22: 0.78571429 | E22: 0 | F22: 1 | G22: 0 | H22: 0.92857143 | I22: 0.14 | J22: 0.92857143 | K22: 0.29
C23: 20260729-100106 | D23: 0.78571429 | E23: 0 | F23: 1 | G23: 0 | H23: 0.92857143 | I23: 0.21 | J23: 0.92857143 | K23: 0.14
C24: 20260729-104519 | D24: 0.85714286 | E24: 0 | F24: 1 | G24: 0 | H24: 0.92857143 | I24: 0.29 | J24: 0.92857143 | K24: 0
C25: average | D25: =AVERAGE(D20:D24) -> 0.82857143 | E25: =AVERAGE(E20:E24) -> 0 | F25: =IFERROR(AVERAGEIF(F20:F24, ">0"), 0) -> 1 | G25: =IFERROR(AVERAGEIF(G20:G24, ">0"), 0) -> 0 | H25: =IFERROR(AVERAGEIF(H20:H24, ">0"), 0) -> 0.92857143 | I25: =IFERROR(AVERAGEIF(I20:I24, ">0"), 0) -> 0.198 | J25: =IFERROR(AVERAGEIF(J20:J24, ">0"), 0) -> 0.92857143 | K25: =IFERROR(AVERAGEIF(K20:K24, ">0"), 0) -> 0.19
